time,open,high,low,close,volume
2020-09-23,32.84,33.18,32.34,32.76,5247410
2020-09-24,31.94,32.47,31.43,31.95,2832430
2020-09-25,31.76,32.49,31.53,32.01,2301998
2020-09-28,32.26,32.8,31.76,32.28,1842517
2020-09-29,31.58,31.73,30.93,31.33,2780471
2020-09-30,31.55,31.66,31.02,31.34,4931362
2020-10-01,30.85,31.08,30.68,30.88,13172662
2020-10-02,31.13,31.23,30.61,30.92,3033441
2020-10-05,31.49,31.85,31.15,31.5,6832740
2020-10-06,31.23,31.92,30.78,31.35,13166450
2020-10-07,32.2,32.58,31.46,32.02,4942603
2020-10-08,31.94,32.23,31.57,31.9,3510499
2020-10-09,32.11,32.8,32.06,32.43,4452188
2020-10-12,32.62,33.53,32.35,32.94,6531730
2020-10-13,33.52,33.96,32.7,33.33,3509561
2020-10-14,33.62,33.79,33.15,33.47,8930446
2020-10-15,34.31,35.13,33.95,34.54,6474689
2020-10-16,34.63,35.26,34.12,34.69,10472513
2020-10-19,35.27,35.44,34.88,35.16,3835041
2020-10-20,34.27,34.8,33.68,34.24,7309802
2020-10-21,34.81,34.91,34.49,34.7,4068433
2020-10-22,35.11,35.59,35.11,35.35,3996187
2020-10-23,35.1,35.65,34.57,35.11,7807500
2020-10-26,35.85,36.34,35.48,35.91,8457029
2020-10-27,35.14,35.55,35.03,35.29,2853601
2020-10-28,35.04,35.3,34.08,34.69,10999514
2020-10-29,34.93,35.15,34.75,34.95,1588996
2020-10-30,34.88,35.5,34.86,35.18,7173358
2020-11-02,34.61,35.24,34.44,34.84,12697641
2020-11-03,34.3,34.64,33.52,34.08,8874329
2020-11-04,35.12,35.12,34.64,34.82,13908116
2020-11-05,34.11,34.29,33.39,33.84,5101383
2020-11-06,34.25,34.56,33.68,34.12,8289610
2020-11-09,33.64,34.21,33.01,33.61,3758387
2020-11-10,33.93,34.38,33.2,33.79,8420565
2020-11-11,33.85,34.14,33.3,33.72,10464888
2020-11-12,34.9,35.04,34.42,34.73,13039676
2020-11-13,35.57,35.91,35.31,35.61,5612154
2020-11-16,35.22,35.78,35.22,35.51,12692184
2020-11-17,36.36,36.57,35.97,36.27,7399635
2020-11-18,35.09,35.51,34.63,35.07,9847459
2020-11-19,34.76,35.58,34.4,34.99,5734904
2020-11-20,34.97,35.06,34.6,34.83,5726987
2020-11-23,33.71,34.13,32.99,33.56,2082039
2020-11-24,33.37,33.52,33.08,33.3,10973612
2020-11-25,33.8,34.36,33.64,34.0,3638775
2020-11-26,33.89,34.41,33.83,34.12,5836826
2020-11-27,34.58,34.89,34.03,34.46,13201338
2020-11-30,33.89,34.33,33.25,33.79,12130454
2020-12-01,33.07,33.87,32.63,33.25,9903695
2020-12-02,33.52,33.52,33.01,33.19,13081101
2020-12-03,33.49,33.76,33.06,33.41,8861306
2020-12-04,33.78,34.39,33.19,33.79,3274773
2020-12-07,33.56,34.23,33.41,33.82,12402759
2020-12-08,33.4,33.74,33.24,33.49,2930793
2020-12-09,33.49,33.53,32.83,33.18,14049925
2020-12-10,32.87,33.22,32.34,32.78,6253431
2020-12-11,32.22,32.62,32.1,32.36,2569927
2020-12-14,31.61,32.24,31.5,31.87,6527474
2020-12-15,32.12,32.76,31.62,32.19,7379446
2020-12-16,32.11,32.65,31.81,32.23,2609441
2020-12-17,32.37,33.07,32.01,32.54,3461204
2020-12-18,32.5,32.58,32.18,32.38,1731854
2020-12-21,32.24,32.79,31.89,32.34,8342340
2020-12-22,30.97,31.86,30.7,31.28,10075152
2020-12-23,31.56,32.3,31.14,31.72,3071245
2020-12-24,32.24,32.3,31.6,31.95,9378598
2020-12-25,31.88,32.65,31.41,32.03,11237424
2020-12-28,32.58,32.87,32.27,32.57,13709133
2020-12-29,33.43,33.78,33.36,33.57,6287331
2020-12-30,32.94,33.3,32.92,33.11,2350264
2020-12-31,33.64,34.28,33.64,33.96,2021676
2021-01-04,34.67,35.05,34.45,34.75,6877269
2021-01-05,34.51,34.85,34.15,34.5,13829204
2021-01-06,33.56,34.23,33.43,33.83,10703256
2021-01-07,33.8,34.67,33.35,34.01,4113893
2021-01-08,34.4,35.01,34.4,34.71,12381987
2021-01-11,34.13,34.3,33.58,33.94,9953025
2021-01-12,33.22,33.41,32.97,33.19,11169055
2021-01-13,33.5,33.74,33.36,33.55,12436287
2021-01-14,33.77,34.3,32.98,33.64,5681822
2021-01-15,34.23,34.48,33.86,34.17,14099585
2021-01-18,34.17,34.65,34.07,34.36,8419615
2021-01-19,34.9,35.07,34.13,34.6,5861604
2021-01-20,34.61,35.11,34.31,34.71,11404487
2021-01-21,34.7,35.1,34.38,34.74,6422923
2021-01-22,35.19,35.35,34.97,35.16,6821960
2021-01-25,34.39,34.56,34.08,34.32,10806206
2021-01-26,34.13,34.73,33.87,34.3,8706895
2021-01-27,33.8,34.35,33.73,34.04,2800939
2021-01-28,34.04,34.04,33.49,33.74,5412720
2021-01-29,34.31,34.63,33.63,34.13,9133777
2021-02-01,34.55,35.09,34.21,34.65,4268005
2021-02-02,35.22,35.8,34.5,35.15,3434436
2021-02-03,35.38,36.25,35.09,35.67,8515180
2021-02-04,35.84,36.07,35.65,35.86,8802454
2021-02-05,34.91,35.39,34.51,34.95,4792932
2021-02-08,34.89,35.02,34.58,34.8,3585413
2021-02-09,35.26,35.47,34.71,35.09,9688255
2021-02-17,35.32,35.83,34.55,35.19,14185964
2021-02-18,35.44,36.06,35.44,35.77,2569959
2021-02-19,35.66,36.27,35.66,35.98,5075902
2021-02-22,35.88,36.69,35.41,36.05,12516878
2021-02-23,35.51,35.9,35.2,35.55,13010120
2021-02-24,35.07,35.78,34.9,35.34,6357821
2021-02-25,35.69,36.62,35.38,36.0,11470284
2021-02-26,35.78,36.4,35.24,35.82,1773667
2021-03-01,36.19,36.66,36.04,36.35,11794944
2021-03-02,35.09,35.67,34.75,35.21,9815854
2021-03-03,35.03,35.03,34.46,34.69,2532742
2021-03-04,33.66,34.28,33.12,33.7,13482970
2021-03-05,32.36,32.59,32.07,32.33,9521783
2021-03-08,31.13,31.64,30.9,31.27,12438416
2021-03-09,31.04,31.44,30.94,31.19,7069585
2021-03-10,31.7,32.57,31.45,32.01,13571715
2021-03-11,30.85,31.51,30.69,31.1,4505582
2021-03-12,31.09,31.31,30.93,31.12,1754048
2021-03-15,30.76,31.47,30.53,31.0,4260176
2021-03-16,30.88,31.2,30.88,31.04,2006909
2021-03-17,31.22,31.22,30.73,30.93,2714841
2021-03-18,30.65,31.07,30.05,30.56,5450917
2021-03-19,29.32,29.86,28.8,29.33,5482927
2021-03-22,29.76,30.14,29.14,29.64,2579846
2021-03-23,30.3,30.5,29.9,30.2,4955774
2021-03-24,30.07,30.62,29.76,30.19,4300060
2021-03-25,30.15,30.54,29.92,30.23,10356336
2021-03-26,29.46,29.91,29.09,29.5,11587228
2021-03-29,29.0,29.76,28.72,29.24,10109456
2021-03-30,29.49,29.99,29.07,29.53,2266462
2021-03-31,29.22,29.34,28.66,29.0,3677720
2021-04-01,29.09,29.25,28.65,28.95,13311866
2021-04-02,30.25,30.64,29.52,30.08,9524207
2021-04-05,30.19,30.51,29.89,30.2,1610880
2021-04-06,29.73,29.9,29.3,29.6,10347794
2021-04-07,31.12,31.25,30.93,31.09,1599077
2021-04-08,31.62,31.64,30.98,31.31,7028576
2021-04-09,30.56,31.43,30.29,30.86,11215916
2021-04-12,30.84,31.18,30.44,30.81,14901518
2021-04-13,30.09,30.16,29.58,29.87,13866531
2021-04-14,29.17,29.72,29.16,29.44,12112523
2021-04-15,29.9,30.48,29.34,29.91,13309830
2021-04-16,29.41,29.5,29.02,29.26,10995806
2021-04-19,28.42,28.89,28.15,28.52,4883157
2021-04-20,29.05,29.47,28.55,29.01,13153955
2021-04-22,29.97,30.69,29.65,30.17,4394740
2021-04-23,30.4,31.06,29.9,30.48,8887884
2021-04-26,31.5,31.82,31.1,31.46,10617175
2021-04-27,30.72,31.14,30.5,30.82,12907807
2021-04-28,31.3,31.52,30.64,31.08,13227389
2021-04-29,31.91,31.96,31.48,31.72,13653811
2021-05-04,31.44,31.8,31.08,31.44,6566985
2021-05-05,30.93,31.13,30.69,30.91,6869302
2021-05-06,30.85,31.4,30.32,30.86,14413959
2021-05-07,30.9,31.57,30.57,31.07,6934669
2021-05-10,30.72,31.39,30.51,30.95,8364733
2021-05-11,30.88,31.64,30.52,31.08,2640633
2021-05-12,30.63,30.77,30.01,30.39,10990099
2021-05-13,30.36,30.98,30.14,30.56,11528057
2021-05-14,31.26,31.45,30.51,30.98,3170627
2021-05-17,31.14,31.46,30.84,31.15,10144989
2021-05-18,30.65,31.09,30.35,30.72,6489455
2021-05-19,29.79,30.03,29.65,29.84,4896025
2021-05-20,29.6,30.18,29.6,29.9,1987471
2021-05-21,29.42,29.87,29.33,29.6,9032912
2021-05-24,30.69,30.86,30.08,30.47,2328303
2021-05-25,31.52,31.74,30.78,31.26,9856820
2021-05-26,30.26,30.76,29.68,30.22,11997269
2021-05-27,29.88,30.26,29.88,30.08,2713147
2021-05-28,29.72,30.23,29.13,29.68,6115097
2021-05-31,28.77,29.44,28.68,29.06,10855472
2021-06-01,28.83,29.24,28.72,28.98,4793530
2021-06-02,28.66,28.85,28.29,28.57,9905724
2021-06-03,28.0,28.5,27.72,28.11,11616535
2021-06-04,27.67,28.14,27.06,27.6,8714815
2021-06-07,28.03,28.49,28.03,28.27,4547129
2021-06-08,28.06,28.53,27.83,28.18,14792033
2021-06-09,28.07,28.56,27.76,28.16,11452861
2021-06-10,29.04,29.04,28.56,28.8,8078703
2021-06-11,28.49,29.01,28.29,28.65,1726369
2021-06-14,28.96,29.39,28.25,28.82,12106467
2021-06-15,28.52,28.74,28.18,28.46,6689869
2021-06-16,28.38,28.38,28.06,28.21,1606058
2021-06-17,28.29,28.65,27.91,28.28,6293876
2021-06-18,28.46,28.54,28.24,28.39,11045280
2021-06-21,28.68,28.93,28.63,28.78,8719746
2021-06-22,29.37,29.92,28.76,29.34,12676735
2021-06-23,29.05,29.66,28.98,29.32,5889945
2021-06-24,29.9,30.24,29.56,29.9,5006821
2021-06-25,29.41,29.81,29.13,29.47,3540022
2021-06-28,29.75,30.32,29.38,29.85,5743226
2021-06-29,29.72,29.72,29.29,29.47,10518973
2021-06-30,29.22,29.57,28.63,29.1,3648692
2021-07-01,29.91,29.91,29.44,29.65,1711971
2021-07-02,28.71,28.99,27.95,28.47,8976015
2021-07-05,28.87,29.13,28.51,28.82,8830898
2021-07-06,28.84,29.5,28.36,28.93,9533455
2021-07-07,28.84,29.4,28.66,29.03,13310122
2021-07-08,29.94,30.12,29.64,29.88,6300100
2021-07-09,29.51,29.83,28.79,29.31,3417688
2021-07-12,28.5,29.25,28.15,28.7,7636338
2021-07-13,29.23,29.73,28.83,29.28,8987384
2021-07-14,29.04,29.76,28.6,29.18,11789924
2021-07-15,30.09,30.26,29.38,29.82,2855064
2021-07-16,30.35,30.46,29.92,30.19,12544773
2021-07-19,30.17,30.86,29.9,30.38,5961131
2021-07-20,30.43,30.52,30.02,30.27,13565049
2021-07-21,29.93,30.57,29.71,30.14,13223188
2021-07-22,31.03,31.59,30.87,31.23,9876800
2021-07-23,30.96,31.09,30.71,30.9,14615904
2021-07-26,31.7,31.92,31.04,31.48,13180403
2021-07-27,31.08,31.2,30.74,30.97,8709950
2021-07-28,30.29,30.65,30.29,30.48,3796633
2021-07-29,30.38,31.03,30.15,30.59,5609181
2021-07-30,30.25,30.72,30.25,30.52,14963165
2021-08-02,31.05,31.39,30.71,31.05,1991898
2021-08-03,30.97,31.14,30.68,30.91,6903653
2021-08-04,30.51,31.06,30.2,30.63,8136093
2021-08-05,30.01,30.5,29.38,29.94,11112621
2021-08-06,31.33,31.79,30.61,31.2,10237730
2021-08-09,30.5,30.92,29.84,30.38,9630095
2021-08-10,31.79,32.37,31.79,32.09,7181016
2021-08-11,32.5,33.05,31.93,32.49,2632421
2021-08-12,32.83,33.14,32.38,32.76,4701307
2021-08-13,31.93,32.09,31.69,31.89,2686022
2021-08-16,32.36,32.38,32.04,32.21,7687274
2021-08-17,31.38,31.5,31.14,31.32,1678721
2021-08-18,31.03,31.55,30.93,31.24,6838374
2021-08-19,32.16,32.16,31.69,31.86,3499640
2021-08-20,31.04,31.64,30.44,31.04,2412650
2021-08-23,31.37,31.99,30.85,31.42,3483468
2021-08-24,31.09,31.5,30.94,31.22,9714785
2021-08-25,31.35,32.17,30.93,31.55,4372944
2021-08-26,30.63,31.4,30.2,30.8,4605910
2021-08-27,31.64,32.17,30.91,31.54,5649512
2021-08-30,31.94,32.23,31.67,31.95,5826449
2021-08-31,31.2,31.63,31.2,31.47,8782718
2021-09-01,31.31,31.32,30.76,31.04,10885954
2021-09-06,31.95,32.38,31.14,31.76,5733054
2021-09-07,31.5,32.03,31.01,31.52,8433964
2021-09-08,31.17,31.46,30.66,31.06,6376127
2021-09-09,31.16,31.89,30.83,31.36,6324898
2021-09-10,31.95,32.21,31.25,31.73,13058787
2021-09-13,31.37,31.74,31.1,31.42,5038725
2021-09-14,32.16,32.7,31.78,32.24,14020920
2021-09-15,32.36,32.58,31.92,32.25,10497747
2021-09-16,32.48,33.2,32.38,32.79,5455379
2021-09-17,33.28,33.86,32.82,33.34,2437895
2021-09-20,32.61,33.15,31.95,32.55,2615220
2021-09-21,32.97,33.43,32.97,33.24,14985431
2021-09-22,34.0,34.17,33.55,33.86,3758367
2021-09-23,33.74,34.38,33.74,34.08,13060363
2021-09-24,32.53,33.26,31.96,32.61,4371213
2021-09-27,32.6,33.0,32.52,32.76,6674058
2021-09-28,32.37,32.74,31.72,32.23,8436593
2021-09-29,31.46,31.79,31.11,31.45,9102485
2021-09-30,31.47,31.82,30.92,31.37,10212472
2021-10-01,30.14,30.4,29.9,30.15,6032203
2021-10-04,30.1,30.52,29.68,30.1,4201959
2021-10-05,30.4,31.17,30.23,30.7,5731488
2021-10-06,31.18,31.53,30.49,31.01,14319771
2021-10-07,31.67,32.12,31.24,31.68,10502217
2021-10-08,31.56,32.06,30.94,31.5,11545234
2021-10-11,31.66,32.08,31.46,31.77,2452856
2021-10-12,31.15,31.44,30.88,31.16,10464973
2021-10-13,30.21,30.48,29.68,30.08,7625651
2021-10-14,29.46,29.85,29.11,29.48,9621641
2021-10-15,29.17,29.39,28.81,29.1,6989734
2021-10-18,28.61,29.1,28.3,28.7,3696907
2021-10-19,29.13,29.57,29.11,29.34,3643815
2021-10-20,29.49,29.69,28.85,29.27,13402638
2021-10-21,30.44,30.89,29.93,30.41,7746994
2021-10-22,31.06,31.47,31.03,31.25,14201976
2021-10-25,30.74,30.99,30.39,30.69,9827751
2021-10-26,31.43,31.53,31.01,31.27,2799341
2021-10-27,31.91,32.16,31.58,31.87,8059026
2021-10-28,31.96,32.18,31.16,31.67,4834124
2021-10-29,31.58,31.87,31.51,31.69,12620213
2021-11-01,31.34,31.83,30.83,31.33,7594985
2021-11-02,32.49,33.03,32.33,32.68,6103977
2021-11-03,33.35,33.91,33.35,33.64,13487692
2021-11-04,33.2,33.76,33.18,33.47,8262564
2021-11-05,34.36,34.73,34.13,34.43,14506010
2021-11-08,34.03,34.43,33.89,34.16,8433659
2021-11-09,34.48,35.16,34.36,34.76,11555324
2021-11-10,34.76,35.35,34.51,34.93,11895896
2021-11-11,34.75,35.25,34.51,34.88,11665841
2021-11-12,34.53,34.53,34.02,34.25,2133766
2021-11-15,33.72,34.14,33.66,33.9,10618505
2021-11-16,34.63,34.81,33.77,34.29,8884056
2021-11-17,34.31,34.94,33.74,34.34,10171845
2021-11-18,34.36,34.36,33.94,34.14,10293301
2021-11-19,34.85,35.56,34.54,35.05,6963833
2021-11-22,35.28,35.44,34.84,35.14,14938852
2021-11-23,34.89,35.43,34.87,35.15,6055199
2021-11-24,34.96,35.26,34.38,34.82,8197765
2021-11-25,35.19,35.71,34.33,35.02,4021089
2021-11-26,35.61,35.73,35.07,35.4,13355602
2021-11-29,35.47,35.97,35.05,35.51,3561532
2021-11-30,36.04,36.2,35.58,35.89,2161844
2021-12-01,35.29,35.98,34.98,35.48,4496911
2021-12-02,34.77,35.19,34.41,34.8,10262310
2021-12-03,34.53,34.89,34.39,34.64,3680184
2021-12-06,34.71,35.37,34.47,34.92,13379798
2021-12-07,35.63,35.79,35.37,35.58,11046412
2021-12-08,36.83,37.7,36.34,37.02,10652422
2021-12-09,37.52,38.05,36.87,37.46,12991360
2021-12-10,36.27,36.54,35.68,36.11,3985222
2021-12-13,36.96,37.6,36.16,36.88,11419634
2021-12-14,37.11,37.52,36.82,37.17,3888515
2021-12-15,37.01,37.42,36.0,36.71,3544349
2021-12-16,37.29,37.59,36.95,37.27,3110173
2021-12-17,37.38,38.08,37.04,37.56,10154738
2021-12-20,37.0,37.48,37.0,37.25,8622031
2021-12-21,37.4,37.92,36.76,37.34,5723497
2021-12-22,36.58,37.25,36.25,36.75,14446887
2021-12-23,36.71,36.9,36.36,36.63,7711620
2021-12-24,35.78,36.14,35.42,35.78,3110026
2021-12-27,36.35,36.47,35.65,36.06,3563173
2021-12-28,36.52,36.81,35.83,36.32,12565230
2021-12-29,37.25,37.35,36.79,37.07,11786979
2021-12-30,37.69,38.25,37.25,37.75,2331557
2021-12-31,37.37,37.5,37.12,37.31,6376912
2022-01-04,37.29,37.93,37.23,37.58,14092778
2022-01-05,38.0,38.17,37.59,37.88,2024588
2022-01-06,37.46,37.91,36.79,37.35,13732855
2022-01-07,37.61,38.5,37.44,37.97,14441580
2022-01-10,37.56,38.0,37.52,37.76,11535874
2022-01-11,37.5,37.91,36.75,37.33,7164409
2022-01-12,37.3,37.63,36.83,37.23,5179171
2022-01-13,35.86,36.4,35.82,36.11,6699989
2022-01-14,35.27,35.62,34.32,34.97,13548066
2022-01-17,35.42,35.63,35.07,35.35,10284591
2022-01-18,34.99,35.36,34.52,34.94,3190558
2022-01-19,33.93,34.81,33.55,34.18,12768388
2022-01-20,33.12,33.38,33.0,33.19,4132365
2022-01-21,32.55,32.68,32.2,32.44,13491500
2022-01-24,31.87,32.54,31.46,32.0,9700878
2022-01-25,30.61,31.15,30.57,30.86,3073951
2022-01-26,31.34,31.48,31.0,31.24,3309385
2022-01-27,31.17,31.91,31.05,31.48,11376294
2022-01-28,31.08,31.32,30.76,31.04,6183435
2022-02-07,31.59,32.19,31.37,31.78,9857687
2022-02-08,31.43,31.95,30.81,31.38,7469128
2022-02-09,31.31,31.75,30.99,31.37,4679648
2022-02-10,32.08,32.47,31.79,32.13,10799407
2022-02-11,31.86,32.25,31.63,31.94,9910441
2022-02-14,32.63,32.96,31.86,32.41,9574341
2022-02-15,32.93,33.21,32.43,32.82,1916948
2022-02-16,32.42,32.99,32.11,32.55,8506495
2022-02-17,32.18,32.69,32.09,32.39,4776860
2022-02-18,31.53,32.12,31.1,31.61,11285960
2022-02-21,29.73,30.51,29.53,30.02,14180730
2022-02-22,29.59,29.8,29.42,29.61,14329939
2022-02-23,29.57,29.97,29.53,29.75,4660302
2022-02-24,29.3,29.61,28.59,29.1,13657814
2022-02-25,29.67,29.8,29.06,29.43,5134425
2022-02-28,29.17,29.62,28.8,29.21,5385921
2022-03-01,29.88,30.23,29.25,29.74,11611028
2022-03-02,29.07,29.58,28.76,29.17,10569975
2022-03-03,29.0,29.38,28.92,29.15,14425586
2022-03-04,28.65,28.91,28.15,28.53,7648662
2022-03-07,27.56,27.69,27.41,27.55,8783835
2022-03-08,27.27,27.61,27.25,27.43,3191814
2022-03-09,26.6,27.34,26.36,26.85,11757130
2022-03-10,26.56,27.14,26.52,26.83,7562258
2022-03-11,27.01,27.57,26.51,27.04,5183723
2022-03-14,26.12,26.84,25.84,26.34,11717245
2022-03-15,26.85,26.97,26.51,26.74,3372858
2022-03-16,26.26,26.32,26.02,26.17,6595544
2022-03-17,25.87,26.35,25.33,25.84,2235311
2022-03-18,25.74,25.74,25.36,25.54,2454886
2022-03-21,25.39,25.98,25.3,25.64,11193223
2022-03-22,25.74,26.09,25.73,25.91,5316235
2022-03-23,26.17,26.29,26.03,26.16,14605908
2022-03-24,26.07,26.24,25.44,25.84,3260747
2022-03-25,26.02,26.32,25.88,26.1,11524488
2022-03-28,26.7,27.04,25.98,26.51,9412219
2022-03-29,26.37,26.59,25.87,26.23,4044580
2022-03-30,25.62,25.94,25.06,25.5,2422625
2022-03-31,25.17,25.49,25.17,25.35,10320504
2022-04-01,25.68,26.38,25.38,25.88,9720141
2022-04-04,26.52,27.07,26.33,26.7,5052135
2022-04-05,25.6,26.02,25.34,25.68,3635273
2022-04-06,25.6,26.11,25.51,25.81,9334436
2022-04-07,26.11,26.18,25.8,25.99,8885737
2022-04-08,26.53,26.84,26.52,26.68,7294267
2022-04-12,26.94,27.06,26.48,26.77,9974699
2022-04-13,26.9,27.36,26.38,26.87,5747702
2022-04-14,26.55,26.85,26.55,26.7,4974092
2022-04-15,26.27,26.42,26.08,26.25,10110957
2022-04-18,25.91,26.14,25.84,25.99,1870039
2022-04-19,26.18,26.6,25.76,26.18,10842537
2022-04-20,25.82,26.01,25.27,25.64,13351355
2022-04-21,26.18,26.55,25.85,26.2,14879815
2022-04-22,26.41,26.55,26.13,26.34,9870376
2022-04-25,25.4,26.11,25.11,25.61,14293940
2022-04-26,25.55,26.16,25.32,25.74,4136417
2022-04-27,25.57,25.71,25.25,25.48,11604930
2022-04-28,26.33,26.67,25.83,26.25,3310311
2022-04-29,25.4,25.65,25.37,25.51,9607859
2022-05-04,25.64,25.72,25.2,25.46,12585085
2022-05-05,25.17,25.3,24.88,25.09,12708960
2022-05-06,25.37,25.88,24.94,25.41,13748802
2022-05-09,25.74,26.27,25.43,25.85,6109602
2022-05-10,25.16,25.4,25.04,25.22,6415647
2022-05-11,25.2,25.66,24.94,25.3,7182477
2022-05-12,26.21,26.27,25.91,26.09,2049787
2022-05-13,26.34,26.94,26.08,26.51,14743775
2022-05-16,27.53,27.8,26.72,27.26,1676008
2022-05-17,27.48,27.68,27.22,27.45,11409168
2022-05-18,26.58,27.24,26.32,26.78,13052645
2022-05-19,25.9,26.41,25.61,26.01,1613076
2022-05-20,25.6,26.24,25.28,25.76,6421184
2022-05-23,25.52,25.89,24.99,25.44,3289488
2022-05-24,26.14,26.75,25.71,26.23,9529348
2022-05-25,27.22,27.57,26.79,27.18,9322867
2022-05-26,27.77,27.77,27.28,27.52,8082595
2022-05-27,28.03,28.04,27.64,27.84,3486143
2022-05-30,27.43,27.89,26.91,27.4,2092712
2022-05-31,27.91,27.91,27.47,27.66,3227185
2022-06-01,26.86,27.33,26.59,26.96,12263046
2022-06-02,26.58,26.87,25.97,26.42,4302028
2022-06-03,26.93,27.58,26.72,27.15,2534272
2022-06-06,27.35,27.6,27.0,27.3,5727250
2022-06-07,27.42,27.92,27.4,27.66,4145876
2022-06-08,26.55,26.82,26.08,26.45,13751745
2022-06-09,26.1,26.52,25.96,26.24,11209714
2022-06-10,25.88,26.39,25.61,26.0,11879409
2022-06-13,26.44,26.73,26.31,26.52,4810382
2022-06-14,26.98,27.38,26.58,26.98,11408478
2022-06-15,27.28,27.59,27.23,27.41,8048928
2022-06-16,27.61,27.64,27.32,27.48,5307581
2022-06-17,28.42,28.59,27.79,28.19,4918613
2022-06-20,27.86,28.24,27.34,27.79,3925700
2022-06-21,27.42,28.1,27.22,27.66,8504474
2022-06-22,28.65,28.73,28.35,28.54,5605975
2022-06-23,28.59,29.09,28.11,28.6,2587137
2022-06-24,28.98,29.68,28.86,29.27,5466494
2022-06-27,29.32,29.32,28.78,29.04,4791871
2022-06-28,28.97,29.55,28.67,29.11,2572909
2022-06-29,29.93,29.93,29.5,29.68,2803488
2022-06-30,30.43,30.93,29.87,30.4,7332917
2022-07-01,30.6,30.97,29.75,30.36,4721815
2022-07-04,29.42,30.03,29.21,29.62,9567768
2022-07-05,29.21,29.34,28.94,29.14,14630033
2022-07-06,28.72,29.34,28.54,28.94,12297382
2022-07-07,28.96,29.49,28.91,29.2,10352324
2022-07-08,28.8,29.31,28.31,28.81,14077021
2022-07-11,29.12,29.49,28.61,29.05,6274554
2022-07-12,29.09,29.5,28.94,29.22,14435088
2022-07-13,29.03,29.41,28.55,28.98,5824559
2022-07-14,27.89,28.3,27.72,28.01,3615137
2022-07-15,28.32,28.8,27.74,28.27,11398556
2022-07-18,27.18,27.75,27.09,27.42,7843965
2022-07-19,28.09,28.09,27.68,27.84,6128508
2022-07-20,28.77,29.14,28.72,28.93,13801559
2022-07-21,28.74,29.18,28.72,28.95,9833724
2022-07-22,28.68,28.88,28.52,28.7,10659099
2022-07-25,29.65,29.7,29.28,29.49,7288273
2022-07-26,29.21,29.81,28.89,29.35,7397607
2022-07-27,29.38,29.86,29.14,29.5,12180441
2022-07-28,29.96,30.09,29.63,29.86,14087310
2022-07-29,29.6,29.96,28.92,29.44,3427758
2022-08-01,30.17,30.75,29.75,30.25,2895324
2022-08-02,30.61,31.36,30.4,30.88,6647893
2022-08-03,32.26,32.72,31.56,32.14,8483092
2022-08-04,32.64,33.07,31.89,32.48,7841902
2022-08-05,32.55,32.82,31.78,32.3,3440363
2022-08-08,31.74,31.85,31.35,31.6,3798590
2022-08-09,31.78,31.92,31.44,31.68,8729011
2022-08-10,31.63,32.27,31.23,31.75,9714145
2022-08-11,32.74,33.08,31.88,32.48,10317225
2022-08-12,32.4,32.55,32.21,32.38,2419384
2022-08-15,32.29,32.6,31.34,31.97,3065944
2022-08-16,31.17,31.32,30.58,30.95,3067023
2022-08-17,30.71,31.31,30.49,30.9,8056596
2022-08-18,30.54,30.77,30.27,30.52,7056233
2022-08-19,30.1,30.64,29.98,30.31,10407286
2022-08-22,30.46,30.46,30.02,30.2,2296900
2022-08-23,30.14,30.61,29.93,30.27,8947933
2022-08-24,29.74,29.94,29.62,29.78,11675035
2022-08-25,29.68,29.92,28.92,29.42,2963028
2022-08-26,30.14,30.6,29.8,30.2,10239589
2022-08-29,30.12,30.59,29.53,30.06,4591750
2022-08-30,30.7,30.76,30.16,30.46,10565637
2022-08-31,30.04,30.68,29.84,30.26,6108067
2022-09-05,29.84,30.43,29.83,30.13,14046861
2022-09-06,30.45,31.0,30.38,30.69,8168588
2022-09-07,30.62,30.77,30.05,30.41,12297561
2022-09-08,31.16,31.41,30.37,30.89,6556406
2022-09-09,31.34,31.66,30.8,31.23,7874393
2022-09-12,31.27,31.29,30.75,31.02,13659797
2022-09-13,30.3,30.89,29.89,30.39,1538431
2022-09-14,30.85,31.21,30.45,30.83,8087372
2022-09-15,30.67,30.69,30.29,30.49,8683869
2022-09-16,30.62,30.62,30.09,30.34,5578053
2022-09-19,29.99,30.37,29.73,30.05,6919227
2022-09-20,29.0,29.56,28.7,29.13,13695777
2022-09-21,29.37,29.55,28.75,29.15,13884673
2022-09-22,27.92,28.52,27.6,28.06,5951532
2022-09-23,28.36,28.62,28.14,28.38,8398481
2022-09-26,28.93,29.01,28.43,28.72,6839941
2022-09-27,28.86,29.12,28.22,28.67,3673200
2022-09-28,27.86,28.49,27.61,28.05,11811749
2022-09-29,28.34,28.71,27.95,28.33,8656964
2022-09-30,26.21,26.74,26.16,26.45,8961159
2022-10-03,26.67,26.67,26.31,26.45,4862321
2022-10-04,27.11,27.48,26.68,27.08,9826019
2022-10-05,27.2,27.5,26.96,27.23,11611655
2022-10-06,26.81,27.22,26.64,26.93,1919705
2022-10-07,26.46,26.68,26.04,26.36,5398460
2022-10-10,27.33,28.04,27.04,27.54,6539877
2022-10-11,27.6,27.78,26.9,27.34,6600888
2022-10-12,27.35,27.69,26.81,27.25,14147271
2022-10-13,27.05,27.34,26.66,27.0,3689433
2022-10-14,26.61,26.78,26.3,26.54,9060969
2022-10-17,25.46,25.66,25.06,25.36,4806695
2022-10-18,24.93,25.48,24.7,25.09,8178790
2022-10-19,25.07,25.23,24.89,25.06,12588124
2022-10-20,24.51,24.89,24.29,24.59,3362335
2022-10-21,23.62,23.69,23.21,23.45,6779986
2022-10-24,23.75,23.75,23.39,23.57,14028360
2022-10-25,23.57,24.01,23.11,23.56,9089833
2022-10-26,24.12,24.43,23.97,24.2,8455870
2022-10-27,24.36,24.36,23.96,24.14,10748137
2022-10-28,23.2,23.44,23.18,23.31,5551974
2022-10-31,24.08,24.08,23.73,23.85,5276065
2022-11-01,24.6,24.6,24.28,24.42,2991636
2022-11-02,23.76,24.1,23.54,23.82,2552879
2022-11-03,23.94,24.18,23.92,24.05,6356316
2022-11-04,24.79,25.08,24.28,24.68,7768317
2022-11-07,25.59,25.63,25.21,25.42,10264849
2022-11-08,26.22,26.3,25.76,26.03,12544244
2022-11-09,26.37,26.37,26.05,26.18,8647032
2022-11-10,26.3,26.65,25.67,26.16,3475092
2022-11-11,25.79,26.15,25.63,25.89,10989480
2022-11-14,25.48,25.93,25.27,25.6,11781304
2022-11-15,25.16,25.38,24.64,25.01,11584966
2022-11-16,25.06,25.59,24.87,25.23,4127192
2022-11-17,25.34,25.58,24.74,25.16,8279940
2022-11-18,24.87,25.46,24.48,24.97,11377795
2022-11-21,25.04,25.29,24.55,24.92,7114821
2022-11-22,25.37,25.64,25.2,25.42,4060789
2022-11-23,25.84,25.92,25.58,25.75,14808532
2022-11-24,24.65,25.2,24.46,24.83,8539389
2022-11-25,26.05,26.29,25.57,25.93,11968010
2022-11-28,26.37,26.67,26.25,26.46,8835391
2022-11-29,26.08,26.37,26.08,26.24,14419906
2022-11-30,26.37,26.51,25.97,26.24,7876054
2022-12-01,26.41,26.72,25.68,26.2,5369443
2022-12-02,25.75,26.16,25.28,25.72,5625085
2022-12-05,25.46,25.88,25.22,25.55,3940382
2022-12-06,25.05,25.39,24.79,25.09,5749448
2022-12-07,25.33,25.88,25.16,25.52,14639428
2022-12-08,24.82,24.96,24.56,24.76,6924225
2022-12-09,24.34,24.61,24.34,24.48,8940855
2022-12-12,24.21,24.3,23.8,24.05,10585031
2022-12-13,25.05,25.05,24.65,24.83,4758899
2022-12-14,25.18,25.34,25.04,25.19,7410616
2022-12-15,25.2,25.73,25.11,25.42,5506790
2022-12-16,26.08,26.42,25.44,25.93,3494583
2022-12-19,26.09,26.2,25.72,25.96,13082206
2022-12-20,25.95,26.08,25.72,25.9,7426822
2022-12-21,26.0,26.17,25.53,25.85,9508248
2022-12-22,25.58,25.98,25.3,25.64,5859235
2022-12-23,26.19,26.38,25.56,25.97,1844230
2022-12-26,26.46,26.74,26.1,26.42,5329766
2022-12-27,26.58,26.93,26.58,26.76,11046386
2022-12-28,26.5,26.77,26.33,26.55,1713456
2022-12-29,26.46,26.49,26.09,26.29,8607581
2022-12-30,27.12,27.53,27.12,27.35,13931124
2023-01-03,27.32,27.47,26.89,27.18,7395211
2023-01-04,27.89,28.07,27.69,27.88,2841073
2023-01-05,27.44,28.19,27.19,27.69,10950642
2023-01-06,27.72,28.05,26.97,27.51,13735809
2023-01-09,27.72,27.99,27.49,27.74,4624826
2023-01-10,28.6,28.95,28.07,28.51,5501373
2023-01-11,28.65,29.04,28.4,28.72,10917019
2023-01-12,28.66,28.66,28.27,28.42,3405575
2023-01-13,29.38,29.94,29.36,29.65,7428761
2023-01-16,29.96,30.27,29.31,29.79,6384308
2023-01-17,29.57,29.99,29.35,29.67,4466699
2023-01-18,30.25,30.48,29.54,30.01,6989371
2023-01-19,29.45,29.93,28.99,29.46,3231593
2023-01-27,29.76,30.28,29.52,29.9,10534457
2023-01-30,29.45,29.69,29.01,29.35,7996981
2023-01-31,30.0,30.19,29.21,29.7,13113506
2023-02-01,30.41,31.05,30.09,30.57,9190931
2023-02-02,30.23,30.53,29.65,30.09,4114338
2023-02-03,30.14,30.54,29.78,30.16,5046552
2023-02-06,30.62,30.77,29.97,30.37,11882271
2023-02-07,31.04,31.31,30.49,30.9,12149952
2023-02-08,31.41,31.68,30.7,31.19,11989332
2023-02-09,31.26,31.79,30.71,31.25,8290939
2023-02-10,32.02,32.35,31.69,32.02,10911337
2023-02-13,31.98,32.47,31.85,32.16,13394017
2023-02-14,32.07,32.07,31.62,31.79,12981909
2023-02-15,31.34,31.64,30.72,31.18,9596662
2023-02-16,31.94,32.28,31.42,31.85,1572271
2023-02-17,32.91,33.27,32.13,32.7,8065791
2023-02-20,32.7,33.09,32.53,32.81,7266049
2023-02-21,32.02,32.19,31.71,31.95,3549653
2023-02-22,31.68,32.12,31.16,31.64,12783502
2023-02-23,32.68,32.78,32.06,32.42,10314929
2023-02-24,32.71,32.91,32.59,32.75,14554233
2023-02-27,31.93,32.5,31.26,31.88,10438096
2023-02-28,32.06,32.46,31.9,32.18,6839110
2023-03-01,32.29,32.52,31.8,32.16,2527182
2023-03-02,32.69,32.87,32.49,32.68,9310192
2023-03-03,32.59,32.78,32.08,32.43,3773455
2023-03-06,33.12,33.88,32.56,33.22,5976617
2023-03-07,33.3,33.44,32.72,33.08,4474438
2023-03-08,31.18,31.7,30.96,31.33,2072653
2023-03-09,30.72,31.31,30.65,30.98,14598702
2023-03-10,31.43,31.43,30.91,31.13,7711188
2023-03-13,31.07,31.45,30.99,31.22,6724879
2023-03-14,31.09,31.43,30.49,30.96,4445245
2023-03-15,30.35,30.35,29.86,30.1,7603679
2023-03-16,30.81,31.05,30.41,30.73,8910149
2023-03-17,31.42,32.22,31.06,31.64,7594952
2023-03-20,30.87,31.36,30.86,31.11,5391878
2023-03-21,31.67,31.8,31.42,31.61,12995860
2023-03-22,32.05,32.27,31.67,31.97,3252172
2023-03-23,31.37,31.53,30.99,31.26,13912478
2023-03-24,31.57,31.65,31.31,31.48,11012016
2023-03-27,33.06,33.57,32.65,33.11,14838553
2023-03-28,32.31,32.62,32.04,32.33,10595170
2023-03-29,33.03,33.29,32.95,33.12,6805126
2023-03-30,32.8,33.28,32.8,33.11,14845882
2023-03-31,32.78,33.17,32.73,32.95,3371423
2023-04-03,33.88,34.15,33.29,33.72,2539195
2023-04-04,33.25,33.81,32.89,33.35,8122537
2023-04-05,33.65,33.71,33.11,33.41,7606949
2023-04-06,33.53,33.59,33.09,33.34,11649683
2023-04-07,32.92,33.17,32.37,32.77,9628081
2023-04-10,33.84,33.84,33.26,33.51,11926806
2023-04-11,34.03,34.32,33.3,33.81,14029560
2023-04-12,35.26,35.68,34.72,35.2,1817027
2023-04-13,35.32,35.71,34.91,35.31,4661815
2023-04-14,35.16,35.62,34.88,35.25,6465779
2023-04-17,35.11,35.73,34.37,35.05,5737484
2023-04-18,35.12,35.21,34.55,34.88,10163373
2023-04-19,35.94,36.48,35.2,35.84,13848861
2023-04-20,35.73,35.88,35.1,35.49,3874868
2023-04-21,35.69,36.33,35.25,35.79,8587189
2023-04-24,35.63,36.15,35.01,35.58,11355014
2023-04-25,34.69,34.95,34.57,34.76,14381530
2023-04-26,34.96,35.54,34.4,34.97,11066037
2023-04-27,33.87,34.19,33.83,34.01,13691332
2023-04-28,34.48,34.6,33.74,34.17,5077427
2023-05-04,33.57,34.49,33.31,33.9,1552993
2023-05-05,33.51,33.91,33.43,33.67,2075216
2023-05-08,33.86,33.88,33.34,33.61,13858406
2023-05-09,33.51,33.86,33.4,33.63,9731841
2023-05-10,33.2,34.02,33.02,33.52,13813257
2023-05-11,33.8,34.23,33.45,33.84,2654707
2023-05-12,33.92,34.3,33.42,33.86,7670229
2023-05-15,35.3,36.23,34.93,35.58,3994041
2023-05-16,34.96,35.25,34.51,34.88,7223918
2023-05-17,33.99,34.8,33.58,34.19,4737683
2023-05-18,33.94,34.58,33.34,33.96,10302908
2023-05-19,33.36,33.8,33.08,33.44,3455136
2023-05-22,34.39,34.8,33.54,34.17,8734074
2023-05-23,35.07,35.46,35.06,35.26,4083920
2023-05-24,34.78,35.48,34.56,35.02,7341354
2023-05-25,35.2,35.63,35.07,35.35,5569021
2023-05-26,35.45,35.92,35.32,35.62,3582066
2023-05-29,35.67,35.93,34.75,35.34,12055535
2023-05-30,35.92,36.12,35.36,35.74,2349113
2023-05-31,36.22,36.66,35.92,36.29,1672310
2023-06-01,35.18,35.89,34.53,35.21,14836009
2023-06-02,34.8,34.8,34.15,34.47,9777963
2023-06-05,34.53,34.69,33.91,34.3,8813304
2023-06-06,34.11,34.7,33.52,34.11,7150446
2023-06-07,34.35,34.65,33.69,34.17,2135859
2023-06-08,33.4,33.99,33.25,33.62,14322811
2023-06-09,33.27,33.65,32.35,33.0,8425606
2023-06-12,33.07,33.33,32.25,32.79,13266500
2023-06-13,31.88,32.53,31.69,32.11,13782053
2023-06-14,32.75,33.38,32.24,32.81,7766863
2023-06-15,33.51,34.1,32.78,33.44,3787500
2023-06-16,33.53,34.07,33.53,33.82,9435158
2023-06-19,34.67,34.67,34.26,34.45,5797095
2023-06-20,34.37,34.54,33.84,34.19,2926837
2023-06-21,33.84,34.37,33.49,33.93,2861574
2023-06-22,34.28,34.51,33.87,34.19,10452635
2023-06-23,34.97,34.97,34.43,34.67,3975798
2023-06-26,34.79,35.43,34.39,34.91,10986810
2023-06-27,34.82,35.71,34.51,35.11,12259549
2023-06-28,35.35,35.58,35.1,35.34,6063024
2023-06-29,35.72,36.32,35.62,35.97,10634470
2023-06-30,36.68,37.03,36.33,36.68,1704304
2023-07-03,36.67,37.05,36.03,36.54,2341571
2023-07-04,37.12,37.44,36.48,36.96,3411275
2023-07-05,35.35,35.77,35.35,35.57,6247351
2023-07-06,34.22,34.9,34.12,34.51,14720581
2023-07-07,34.06,34.84,33.78,34.31,12265597
2023-07-10,33.84,34.25,33.59,33.92,2478380
2023-07-11,34.7,35.4,34.6,35.0,10683547
2023-07-12,34.69,35.18,34.48,34.83,10252673
2023-07-13,35.17,35.61,34.53,35.07,12147462
2023-07-14,35.52,35.72,34.7,35.21,9143994
2023-07-17,34.65,34.96,33.7,34.33,3709850
2023-07-18,34.63,35.04,34.0,34.52,13238154
2023-07-19,34.49,34.91,34.21,34.56,2136567
2023-07-20,35.37,36.13,34.95,35.54,14041014
2023-07-21,35.08,35.73,34.67,35.2,12547853
2023-07-24,35.36,36.21,34.99,35.6,8815043
2023-07-25,35.87,36.17,35.79,35.98,10874330
2023-07-26,35.19,35.8,35.1,35.45,9293812
2023-07-27,33.9,34.62,33.3,33.96,13893031
2023-07-28,34.1,34.62,33.36,33.99,2450105
2023-07-31,34.82,35.27,34.25,34.76,9348842
2023-08-01,35.15,35.32,34.62,34.97,13419875
2023-08-02,35.31,36.1,35.02,35.56,12092420
2023-08-03,35.37,35.42,34.9,35.16,9704943
2023-08-04,35.71,36.02,35.3,35.66,12615181
2023-08-07,34.49,34.95,34.07,34.51,4365652
2023-08-08,34.89,35.25,34.51,34.88,3042842
2023-08-09,34.12,34.38,33.32,33.85,12170038
2023-08-10,33.89,34.65,33.81,34.23,7658537
2023-08-11,34.05,34.12,33.66,33.89,3214181
2023-08-14,34.43,34.66,34.18,34.42,4753820
2023-08-15,34.72,34.72,34.1,34.4,5469320
2023-08-16,34.91,35.76,34.44,35.1,13628609
2023-08-17,35.15,35.66,35.1,35.38,5247848
2023-08-18,35.24,35.85,35.05,35.45,9820732
2023-08-21,36.24,36.65,35.77,36.21,10472934
2023-08-22,36.22,36.96,36.08,36.52,6271472
2023-08-23,37.43,38.15,37.19,37.67,8152279
2023-08-24,37.55,37.92,37.4,37.66,12824827
2023-08-25,37.18,37.74,37.18,37.53,6889180
2023-08-28,37.01,37.62,36.24,36.93,10776732
2023-08-29,36.77,37.06,36.08,36.57,7002975
2023-08-30,36.75,37.02,35.84,36.43,6157390
2023-08-31,35.76,36.39,35.59,35.99,3089452
2023-09-05,36.47,37.0,35.82,36.41,11164042
2023-09-06,35.78,35.87,35.33,35.6,5738498
2023-09-07,35.29,35.55,34.55,35.05,9807934
2023-09-08,33.72,33.98,33.46,33.72,4916771
2023-09-11,33.03,33.75,32.87,33.31,14762820
2023-09-12,33.97,34.54,33.56,34.05,6155904
2023-09-13,33.86,34.2,33.28,33.74,4664570
2023-09-14,33.49,33.69,32.81,33.25,12439332
2023-09-15,32.73,33.06,32.56,32.81,12175634
2023-09-18,33.21,33.35,32.71,33.03,11075373
2023-09-19,33.93,34.06,33.54,33.8,12802777
2023-09-20,34.16,34.98,33.7,34.34,14958082
2023-09-21,33.36,33.94,33.12,33.53,11245283
2023-09-22,34.46,34.92,33.84,34.38,3454973
2023-09-25,35.18,35.21,34.83,35.02,6212840
2023-09-26,35.63,35.63,35.1,35.33,14004726
2023-09-27,34.44,35.13,34.11,34.62,14792673
2023-09-28,33.74,34.36,33.74,34.07,13643563
2023-09-29,33.7,33.88,33.34,33.61,4717681
2023-10-02,33.23,33.68,32.9,33.29,6561928
2023-10-03,33.1,33.75,33.09,33.42,4397344
2023-10-04,31.48,32.42,31.16,31.79,2470427
2023-10-05,31.07,31.23,30.89,31.06,1997694
2023-10-06,30.83,31.34,30.54,30.94,13348934
2023-10-09,31.7,31.83,31.17,31.5,11011237
2023-10-10,31.3,31.95,30.73,31.34,14388856
2023-10-11,31.38,31.91,30.99,31.45,8113768
2023-10-12,32.33,32.59,31.57,32.08,6979346
2023-10-13,31.62,32.24,31.02,31.63,11900104
2023-10-16,30.9,31.65,30.49,31.07,4212460
2023-10-17,30.54,30.92,30.0,30.46,12683398
2023-10-18,30.46,30.72,29.92,30.32,3795475
2023-10-19,29.68,30.37,29.57,29.97,10706112
2023-10-20,30.67,31.47,30.27,30.87,3344775
2023-10-23,30.99,31.4,30.64,31.02,7477995
2023-10-24,31.17,31.69,31.11,31.4,13958772
2023-10-25,30.87,31.25,30.61,30.93,7189108
2023-10-26,30.72,31.12,30.7,30.91,1673217
2023-10-27,30.78,31.13,30.37,30.75,4382469
2023-10-30,30.99,31.22,30.52,30.87,5000120
2023-10-31,31.22,31.42,30.76,31.09,9556677
2023-11-01,31.13,31.29,30.51,30.9,2450121
2023-11-02,30.91,31.19,30.39,30.79,5227971
2023-11-03,31.43,31.72,31.14,31.43,6102463
2023-11-06,31.04,31.27,30.57,30.92,6534001
2023-11-07,31.08,31.5,31.08,31.33,8327494
2023-11-08,31.36,32.1,30.9,31.5,1822219
2023-11-09,32.1,32.48,31.38,31.93,13259383
2023-11-10,31.49,32.14,31.38,31.76,3495184
2023-11-13,32.6,33.0,31.74,32.37,9690590
2023-11-14,31.72,32.18,31.72,32.0,3972456
2023-11-15,32.61,32.78,31.82,32.3,9321419
2023-11-16,32.77,33.17,32.03,32.6,5038306
2023-11-17,32.84,33.15,32.25,32.7,5850167
2023-11-20,33.07,33.79,32.85,33.32,12310424
2023-11-21,33.86,34.32,33.66,33.99,11348506
2023-11-22,34.58,35.0,33.84,34.42,5990519
2023-11-23,35.6,36.2,34.86,35.53,6353023
2023-11-24,34.98,35.64,34.92,35.28,3757166
2023-11-27,34.99,35.64,34.6,35.12,4981943
2023-11-28,35.55,35.55,35.13,35.31,5169257
2023-11-29,35.56,35.56,34.87,35.21,7961539
2023-11-30,34.68,35.45,34.53,34.99,8356980
2023-12-01,34.33,34.47,33.69,34.08,8558894
2023-12-04,34.75,35.19,33.95,34.57,1670388
2023-12-05,34.22,35.19,33.83,34.51,1972408
2023-12-06,34.44,34.82,34.16,34.49,4514506
2023-12-07,34.18,34.28,33.44,33.86,8998648
2023-12-08,33.92,33.92,33.42,33.64,2985154
2023-12-11,33.76,34.19,33.39,33.79,11330776
2023-12-12,33.15,33.57,32.57,33.07,10093388
2023-12-13,32.76,33.52,32.44,32.98,14680863
2023-12-14,32.87,33.16,32.3,32.73,9315021
2023-12-15,32.74,33.27,32.09,32.68,2790958
2023-12-18,32.32,33.17,31.99,32.58,8541786
2023-12-19,31.56,32.06,31.54,31.8,3150305
2023-12-20,32.2,32.88,31.72,32.3,6265191
2023-12-21,31.07,31.34,30.4,30.87,12562424
2023-12-22,31.14,31.46,30.54,31.0,9813790
2023-12-25,31.49,32.14,31.04,31.59,4713487
2023-12-26,31.62,31.8,31.3,31.55,4700512
2023-12-27,31.07,31.07,30.57,30.78,6603575
2023-12-28,31.36,31.8,30.66,31.23,6204028
2023-12-29,30.54,30.55,30.11,30.33,13536517
2024-01-02,30.23,30.38,29.92,30.15,9098866
2024-01-03,30.87,31.36,30.2,30.78,5154312
2024-01-04,30.75,31.21,30.25,30.73,6188448
2024-01-05,31.03,31.18,30.32,30.75,12535332
2024-01-08,31.17,31.95,30.93,31.44,3131421
2024-01-09,30.3,31.02,30.16,30.59,10174783
2024-01-10,30.42,30.92,30.34,30.63,2123386
2024-01-11,30.76,30.89,30.39,30.64,7568264
2024-01-12,29.96,30.39,29.96,30.22,9379354
2024-01-15,29.95,30.41,29.37,29.89,6699073
2024-01-16,30.38,30.79,30.09,30.44,13607474
2024-01-17,29.36,29.64,29.22,29.43,5661683
2024-01-18,29.45,29.75,28.93,29.34,8484791
2024-01-19,28.84,29.56,28.4,28.98,1749936
2024-01-22,28.94,29.55,28.63,29.09,14603781
2024-01-23,28.89,29.31,28.33,28.82,11008871
2024-01-24,29.03,29.41,28.43,28.92,5740163
2024-01-25,28.79,29.26,28.54,28.9,10986501
2024-01-26,28.86,29.08,28.78,28.93,3640570
2024-01-29,29.01,29.44,28.32,28.88,8296493
2024-01-30,28.66,29.19,28.66,28.94,11702238
2024-01-31,28.81,29.41,28.69,29.05,9263271
2024-02-01,29.06,29.26,28.94,29.1,7437364
2024-02-02,29.28,29.52,28.48,29.0,3444156
2024-02-05,29.76,30.0,29.08,29.54,7306206
2024-02-06,28.77,29.34,28.76,29.05,9106657
2024-02-07,29.94,30.43,29.94,30.2,1555060
2024-02-15,29.94,30.31,29.15,29.73,14490610
2024-02-16,29.55,30.04,28.92,29.48,9683110
2024-02-19,28.77,29.02,28.02,28.52,9456561
2024-02-20,28.16,28.56,28.16,28.37,10408949
2024-02-21,28.89,29.01,28.65,28.83,14512577
2024-02-22,28.16,28.48,28.16,28.34,14251382
2024-02-23,28.93,29.41,28.69,29.05,4859021
2024-02-26,28.92,29.48,28.44,28.96,10081557
2024-02-27,28.27,28.51,27.97,28.24,12246298
2024-02-28,27.76,28.1,27.54,27.82,7484551
2024-02-29,27.95,28.45,27.67,28.06,7517188
2024-03-01,27.72,28.17,27.43,27.8,1595045
2024-03-04,28.8,28.88,28.36,28.62,5326730
2024-03-05,28.22,28.76,27.78,28.27,13194677
2024-03-06,28.1,28.52,27.92,28.22,4707675
2024-03-07,27.74,28.18,27.64,27.91,11632336
2024-03-08,28.31,28.93,27.81,28.37,5998599
2024-03-11,27.58,28.02,27.22,27.62,2149087
2024-03-12,26.76,26.87,26.33,26.6,2427062
2024-03-13,26.6,26.6,26.12,26.35,5321832
2024-03-14,26.47,26.73,25.79,26.26,10704682
2024-03-15,25.7,25.78,25.16,25.47,14507289
2024-03-18,25.8,26.04,25.3,25.67,13388989
2024-03-19,26.03,26.17,25.83,26.0,13158028
2024-03-20,26.11,26.33,25.37,25.85,11393920
2024-03-21,25.61,25.75,25.33,25.54,14858529
2024-03-22,26.16,26.58,25.86,26.22,5163130
2024-03-25,25.82,25.96,25.44,25.7,4340691
2024-03-26,26.02,26.33,25.57,25.95,5065034
2024-03-27,25.93,26.06,25.42,25.74,12236449
2024-03-28,25.92,26.19,25.47,25.83,1973034
2024-03-29,26.14,26.38,26.04,26.21,6679609
2024-04-01,26.44,26.61,26.11,26.36,9694238
2024-04-02,25.37,25.9,25.12,25.51,1536561
2024-04-03,26.08,26.45,25.43,25.94,7669470
2024-04-04,24.9,25.19,24.9,25.05,2214951
2024-04-05,25.22,25.67,25.05,25.36,8770605
2024-04-08,25.68,25.72,25.42,25.57,2859398
2024-04-09,25.52,25.7,25.2,25.45,2952442
2024-04-10,25.51,26.18,25.16,25.67,1987481
2024-04-11,25.1,25.54,24.78,25.16,14559186
2024-04-12,24.49,24.71,24.41,24.56,9510124
2024-04-15,24.81,25.15,24.49,24.82,6682281
2024-04-16,24.49,25.1,24.24,24.67,8269422
2024-04-17,25.55,25.69,25.01,25.35,5313290
2024-04-19,25.35,25.42,24.96,25.19,5237674
2024-04-22,24.74,24.87,24.59,24.73,11747024
2024-04-23,26.05,26.1,25.72,25.91,6285975
2024-04-24,25.05,25.75,24.77,25.26,5756495
2024-04-25,25.53,25.54,25.12,25.33,5269649
2024-04-26,25.49,25.62,25.16,25.39,14312741
2024-05-02,25.95,26.08,25.36,25.72,10383388
2024-05-03,25.71,25.78,25.38,25.58,5501990
2024-05-06,25.62,25.71,25.21,25.46,4993316
2024-05-07,25.65,25.65,25.15,25.4,3795553
2024-05-08,26.17,26.61,25.85,26.23,5816285
2024-05-09,26.66,26.83,26.45,26.64,9193663
2024-05-10,26.39,26.64,25.84,26.24,7071582
2024-05-13,25.77,26.34,25.66,26.0,7132419
2024-05-14,25.69,26.13,25.69,25.95,2306607
2024-05-15,25.48,25.68,25.4,25.54,6688591
2024-05-16,24.79,25.01,24.61,24.81,2573574
2024-05-17,24.29,24.74,24.28,24.51,1590500
2024-05-20,24.21,24.44,23.78,24.11,4991035
2024-05-21,24.87,25.19,24.43,24.81,11969336
2024-05-22,24.84,25.05,24.65,24.85,4346970
2024-05-23,24.26,24.63,23.75,24.19,2651009
2024-05-24,23.84,24.31,23.81,24.06,14794469
2024-05-27,24.19,24.68,23.84,24.26,6688329
2024-05-28,24.67,24.85,24.33,24.59,6200118
2024-05-29,24.57,24.88,24.48,24.68,12240571
2024-05-30,24.89,25.08,24.76,24.92,6843084
2024-05-31,24.65,25.2,24.54,24.87,1952943
2024-06-03,24.82,25.19,24.43,24.81,3136937
2024-06-04,26.3,26.57,26.01,26.29,6268553
2024-06-05,25.83,26.18,25.83,26.01,4812082
2024-06-06,25.55,25.56,25.3,25.43,10768820
2024-06-07,25.05,25.7,24.78,25.24,9811472
2024-06-10,25.25,25.6,24.8,25.2,6302686
2024-06-11,24.32,24.74,24.26,24.5,14614161
2024-06-12,24.81,24.88,24.56,24.72,13453268
2024-06-13,24.67,24.91,24.01,24.46,10407321
2024-06-14,23.46,23.61,23.29,23.45,7418013
2024-06-17,23.43,23.8,23.1,23.45,12599371
2024-06-18,23.23,23.37,22.85,23.11,14345103
2024-06-19,23.66,23.91,23.17,23.54,11097180
2024-06-20,23.02,23.53,22.71,23.12,14893381
2024-06-21,23.02,23.29,22.51,22.9,2708420
2024-06-24,22.94,23.28,22.82,23.05,3011101
2024-06-25,22.95,23.33,22.47,22.9,13608746
2024-06-26,22.71,22.81,22.23,22.52,14002494
2024-06-27,22.14,22.47,21.81,22.14,4492024
2024-06-28,22.76,23.05,22.21,22.63,6029308
2024-07-01,22.47,22.76,22.08,22.42,2952345
2024-07-02,21.72,22.36,21.52,21.94,12679788
2024-07-03,21.99,22.13,21.57,21.85,9001681
2024-07-04,21.79,21.96,21.64,21.8,13364114
2024-07-05,21.86,22.22,21.84,22.03,7095549
2024-07-08,21.62,21.9,21.16,21.53,14956078
2024-07-09,22.04,22.59,21.79,22.19,12137219
2024-07-10,21.85,22.33,21.63,21.98,12034500
2024-07-11,22.65,22.87,22.47,22.67,5244814
2024-07-12,22.67,23.03,22.49,22.76,10398332
2024-07-15,22.78,23.39,22.61,23.0,6934779
2024-07-16,23.13,23.52,23.13,23.35,14772705
2024-07-17,23.16,23.53,22.83,23.18,7318538
2024-07-18,22.65,23.02,22.22,22.62,11611651
2024-07-19,23.1,23.35,22.49,22.92,2782242
2024-07-22,23.88,24.11,23.53,23.82,7753579
2024-07-23,24.03,24.05,23.61,23.83,13631485
2024-07-24,24.08,24.29,23.45,23.87,11530932
2024-07-25,24.02,24.28,23.76,24.02,12624135
2024-07-26,23.47,23.83,22.95,23.39,9345433
2024-07-29,24.01,24.33,23.45,23.89,13828643
2024-07-30,23.29,23.8,22.94,23.37,3267762
2024-07-31,24.21,24.37,23.63,24.0,13778063
2024-08-01,24.3,24.57,23.67,24.12,7417608
2024-08-02,24.76,25.16,24.22,24.69,12709373
2024-08-05,23.9,24.13,23.67,23.9,3085987
2024-08-06,24.44,24.47,24.11,24.29,14243097
2024-08-07,24.37,24.69,24.07,24.38,14219694
2024-08-08,24.12,24.69,23.85,24.27,2064857
2024-08-09,24.8,25.26,24.3,24.78,10226121
2024-08-12,25.26,25.47,24.81,25.14,13616852
2024-08-13,25.15,25.72,24.72,25.22,8513146
2024-08-14,24.22,24.69,23.81,24.25,6346379
2024-08-15,24.23,24.59,23.65,24.12,8344432
2024-08-16,24.43,24.94,24.1,24.52,9454410
2024-08-19,24.35,24.63,23.87,24.25,4143262
2024-08-20,24.51,24.88,23.9,24.39,11530690
2024-08-21,24.6,25.02,24.34,24.68,8096680
2024-08-22,25.06,25.54,24.96,25.25,13984319
2024-08-23,25.13,25.68,25.04,25.36,7162868
2024-08-26,24.73,25.22,24.66,24.94,4143719
2024-08-27,25.34,25.67,25.34,25.51,3045490
2024-08-28,25.54,25.87,24.93,25.4,13283689
2024-08-29,25.74,25.83,25.47,25.65,13673231
2024-08-30,25.14,25.85,24.87,25.36,6617895
2024-09-04,24.61,25.03,24.51,24.77,3583865
2024-09-05,24.32,24.48,23.96,24.22,11363777
2024-09-06,24.99,25.19,24.51,24.85,11001517
2024-09-09,25.08,25.26,24.42,24.84,9323157
2024-09-10,25.34,25.59,24.75,25.17,13824531
2024-09-11,26.33,26.45,25.77,26.11,8776245
2024-09-12,26.48,26.97,26.15,26.56,14797819
2024-09-13,27.35,27.71,27.25,27.48,4898035
2024-09-16,27.11,27.28,26.66,26.97,14786821
2024-09-17,27.04,27.36,26.6,26.98,8623387
2024-09-18,26.46,27.04,26.06,26.55,4063321
2024-09-19,26.24,26.27,25.83,26.05,3790628
2024-09-20,25.68,26.09,25.45,25.77,3975014
2024-09-23,25.62,25.79,25.09,25.44,5814850
2024-09-24,25.23,25.34,25.0,25.17,11486791
2024-09-25,25.03,25.56,24.88,25.22,1563117
2024-09-26,25.59,25.59,25.22,25.38,9296857
2024-09-27,25.67,26.1,25.56,25.83,10936130
2024-09-30,26.26,26.53,25.67,26.1,1748387
2024-10-01,26.85,27.48,26.58,27.03,12254783
2024-10-02,27.92,28.26,27.86,28.06,12001381
2024-10-03,27.56,28.22,27.42,27.82,3737283
2024-10-04,28.15,28.2,27.72,27.96,9789349
2024-10-07,27.83,28.19,27.75,27.97,7641228
2024-10-08,27.42,27.64,27.3,27.47,12209222
2024-10-09,28.09,28.24,27.62,27.93,9932001
2024-10-10,28.58,28.67,28.05,28.36,7460146
2024-10-11,28.89,29.18,28.26,28.72,13865020
2024-10-14,29.05,29.49,28.95,29.22,7549421
2024-10-15,28.8,29.42,28.38,28.9,5190225
2024-10-16,29.71,29.75,29.43,29.59,10947163
2024-10-17,30.27,30.8,29.74,30.27,13520507
2024-10-18,29.15,29.29,28.93,29.11,7937270
2024-10-21,29.13,29.42,28.36,28.89,14681579
2024-10-22,29.09,29.46,28.86,29.16,4101633
2024-10-23,30.87,31.17,30.17,30.67,13004270
2024-10-24,30.86,31.43,30.21,30.82,4394130
2024-10-25,30.93,31.45,30.59,31.02,6006166
2024-10-28,30.71,31.37,30.41,30.89,8857069
2024-10-29,31.1,31.1,30.64,30.86,2697533
2024-10-30,32.04,32.32,31.12,31.72,4678513
2024-10-31,31.5,32.0,31.5,31.8,3466981
2024-11-01,32.81,33.27,32.05,32.66,2743516
2024-11-04,32.65,33.18,31.92,32.55,14050851
2024-11-05,32.72,33.31,32.29,32.8,2410045
2024-11-06,31.82,31.92,31.58,31.75,8286965
2024-11-07,31.72,31.86,31.0,31.43,13696174
2024-11-08,31.16,31.59,30.95,31.27,5334707
2024-11-11,31.51,31.85,30.65,31.25,14149317
2024-11-12,31.18,31.46,30.94,31.2,6293530
2024-11-13,30.88,31.44,30.82,31.13,12844683
2024-11-14,31.75,32.14,31.54,31.84,9680157
2024-11-15,31.73,32.19,30.99,31.59,10179412
2024-11-18,32.05,32.18,31.76,31.97,5094602
2024-11-19,31.9,32.48,31.54,32.01,2534724
2024-11-20,31.87,32.4,31.28,31.84,5295521
2024-11-21,33.16,33.42,32.74,33.08,10672775
2024-11-22,33.48,33.87,33.05,33.46,2939167
2024-11-25,33.21,33.64,33.16,33.4,8659304
2024-11-26,33.84,34.17,33.41,33.79,3833391
2024-11-27,34.23,34.82,33.48,34.15,3228958
2024-11-28,34.44,34.47,33.75,34.11,14545997
2024-11-29,33.74,33.74,33.32,33.52,10166009
2024-12-02,33.52,33.56,33.04,33.3,10135374
2024-12-03,31.68,31.68,31.25,31.46,11748802
2024-12-04,30.97,31.28,30.96,31.12,5136906
2024-12-05,31.32,31.86,31.12,31.49,12674121
2024-12-06,31.37,32.16,31.18,31.67,11044083
2024-12-09,31.53,32.14,30.92,31.53,3958207
2024-12-10,31.91,32.39,31.23,31.81,7278041
2024-12-11,32.23,32.73,32.01,32.37,2934562
2024-12-12,32.77,33.05,31.87,32.46,14270897
2024-12-13,32.27,32.56,32.08,32.32,5440386
2024-12-16,32.08,32.52,31.86,32.19,14047134
2024-12-17,31.4,32.3,31.08,31.69,8736162
2024-12-18,32.0,32.64,31.68,32.16,2327836
2024-12-19,33.53,33.57,33.17,33.37,6429240
2024-12-20,32.51,33.07,32.19,32.63,12502453
2024-12-23,32.01,32.53,32.01,32.32,7457086
2024-12-24,32.2,32.87,32.15,32.51,12692729
2024-12-25,32.56,32.76,31.92,32.34,7678464
2024-12-26,32.41,33.19,32.25,32.72,12079239
2024-12-27,32.07,32.41,32.03,32.22,7838312
2024-12-30,30.76,31.3,30.76,31.03,11014571
2024-12-31,31.71,31.9,31.22,31.56,4728010
2025-01-02,31.92,32.4,31.62,32.01,7374686
2025-01-03,32.44,33.15,31.87,32.51,8451638
2025-01-06,33.37,34.32,33.02,33.67,5801656
2025-01-07,33.36,33.66,33.12,33.39,3104594
2025-01-08,34.38,34.93,34.11,34.52,14568587
2025-01-09,35.44,35.73,35.21,35.47,10757584
2025-01-10,35.18,35.8,34.8,35.3,5100542
2025-01-13,34.27,34.96,34.18,34.57,6110045
2025-01-14,34.3,34.44,33.5,33.97,10034195
2025-01-15,34.06,35.06,33.74,34.4,11937465
2025-01-16,33.84,34.16,33.36,33.76,6337407
2025-01-17,33.81,34.23,33.59,33.91,9579781
2025-01-20,33.82,34.26,33.3,33.78,6994458
2025-01-21,34.15,34.52,33.38,33.95,11241988
2025-01-22,34.43,34.78,34.26,34.52,13788705
2025-01-23,34.81,35.21,34.37,34.79,12579748
2025-01-24,35.65,36.01,34.67,35.34,4943930
2025-02-03,36.58,36.79,36.35,36.57,10912572
2025-02-04,35.44,35.9,34.74,35.32,2697774
2025-02-05,35.16,35.87,35.15,35.51,12209060
2025-02-06,35.56,35.71,35.27,35.49,6138807
2025-02-07,35.36,35.93,35.09,35.51,11476026
2025-02-10,34.36,34.55,33.87,34.21,6677598
2025-02-11,34.39,34.74,33.98,34.36,7373915
2025-02-12,34.33,34.52,33.58,34.05,6384358
2025-02-13,34.76,35.04,33.96,34.5,2607418
2025-02-14,35.82,36.58,35.62,36.1,12134167
2025-02-17,35.41,35.77,35.03,35.4,8688324
2025-02-18,35.98,36.13,35.15,35.64,8408714
2025-02-19,34.83,35.06,33.94,34.5,11808646
2025-02-20,34.28,35.21,33.99,34.6,4047558
2025-02-21,35.49,35.74,34.68,35.21,2353292
2025-02-24,35.3,36.13,34.91,35.52,7513486
2025-02-25,36.17,37.05,35.77,36.41,10346678
2025-02-26,36.95,37.5,36.22,36.86,1877311
2025-02-27,35.48,36.24,35.18,35.71,3928576
2025-02-28,37.13,37.33,36.53,36.93,2815307
2025-03-03,36.23,36.39,35.51,35.95,8012583
2025-03-04,37.0,37.52,36.8,37.16,14840338
2025-03-05,37.56,37.88,37.38,37.63,11619220
2025-03-06,38.14,38.24,37.52,37.88,9812428
2025-03-07,39.4,39.54,38.6,39.07,6558719
2025-03-10,39.15,40.26,38.72,39.49,2031000
2025-03-11,39.87,40.45,39.87,40.2,4633155
2025-03-12,40.6,40.8,39.9,40.35,6772929
2025-03-13,39.54,40.19,39.54,39.91,9028842
2025-03-14,39.06,39.5,38.84,39.17,4766369
2025-03-17,41.05,41.12,40.22,40.67,14636967
2025-03-18,41.58,42.46,41.14,41.8,13028116
2025-03-19,41.73,41.94,41.5,41.72,13338842
2025-03-20,41.05,41.73,40.79,41.26,9952476
2025-03-21,42.61,43.2,41.74,42.47,4911350
2025-03-24,43.01,43.51,42.91,43.21,3436584
2025-03-25,43.94,44.91,43.21,44.06,14561673
2025-03-26,45.3,45.75,44.51,45.13,13782190
2025-03-27,46.53,47.04,45.2,46.12,7541716
2025-03-28,47.65,48.5,47.02,47.76,10008683
2025-03-31,48.04,49.13,47.89,48.51,13189900
2025-04-01,47.32,47.86,46.88,47.37,6154364
2025-04-02,47.1,47.68,46.52,47.1,10037748
2025-04-03,47.28,48.05,47.03,47.54,6857604
2025-04-04,47.91,48.31,47.37,47.84,11306628
2025-04-08,48.94,49.33,47.79,48.56,4273257
2025-04-09,48.73,49.22,48.0,48.61,8459059
2025-04-10,47.7,48.05,46.67,47.36,2741652
2025-04-11,47.63,48.12,47.12,47.62,8563680
2025-04-14,46.16,46.33,45.85,46.09,10894150
2025-04-15,45.07,45.18,44.22,44.7,10685660
2025-04-16,44.87,45.79,44.49,45.14,14744931
2025-04-17,43.99,44.93,43.87,44.4,2500049
2025-04-18,43.67,44.51,43.63,44.07,3775014
2025-04-21,44.34,45.15,43.81,44.48,7060203
2025-04-22,44.19,44.91,43.21,44.06,5439405
2025-04-23,44.8,44.85,43.95,44.4,7519941
2025-04-24,45.17,45.89,44.85,45.37,5830263
2025-04-25,44.98,45.43,43.97,44.7,4788401
2025-04-28,44.1,45.1,43.42,44.26,11085739
2025-04-29,44.36,45.42,44.14,44.78,13128029
2025-05-05,44.52,45.09,43.81,44.45,8954368
2025-05-06,44.58,45.63,44.29,44.96,11726236
2025-05-07,45.32,45.82,44.96,45.39,2057581
2025-05-08,45.42,45.46,44.82,45.14,6449279
2025-05-09,46.11,46.97,45.49,46.23,13221906
2025-05-12,45.09,45.81,44.69,45.25,12154263
2025-05-13,45.82,46.38,45.14,45.76,11254683
2025-05-14,43.92,44.9,43.16,44.03,8700115
2025-05-15,44.02,44.54,43.7,44.12,2341679
2025-05-16,43.91,44.67,43.69,44.18,9718384
2025-05-19,42.91,43.47,42.91,43.23,8753791
2025-05-20,44.36,44.94,43.94,44.44,8809590
2025-05-21,43.27,43.95,43.21,43.58,2664630
2025-05-22,43.56,44.11,42.53,43.32,6515176
2025-05-23,44.28,44.66,43.86,44.26,2645367
2025-05-26,44.52,45.28,43.62,44.45,14070390
2025-05-27,44.19,45.0,43.3,44.15,8218161
2025-05-28,43.97,44.11,43.27,43.69,14281301
2025-05-29,43.97,44.05,43.39,43.72,3968243
2025-05-30,43.22,43.76,43.1,43.43,10839391
2025-06-02,43.37,43.79,43.27,43.53,8586288
2025-06-03,42.9,43.77,42.31,43.04,8223916
2025-06-04,43.53,44.37,43.11,43.74,14053677
2025-06-05,43.46,43.7,42.8,43.25,10506836
2025-06-06,42.03,42.73,41.49,42.11,13184938
2025-06-09,44.31,44.99,43.51,44.25,5726512
2025-06-10,44.69,45.66,44.46,45.06,8813866
2025-06-11,44.91,45.22,43.84,44.53,11194478
2025-06-12,43.45,44.21,43.45,43.84,5353696
2025-06-13,43.96,44.88,43.9,44.39,14271259
2025-06-16,44.28,44.49,43.29,43.89,6190818
2025-06-17,44.85,45.43,44.01,44.72,4800251
2025-06-18,45.06,45.56,44.74,45.15,4124390
2025-06-19,45.46,45.85,44.95,45.4,4791036
2025-06-20,45.93,45.99,45.15,45.57,7868694
2025-06-23,46.57,47.52,46.06,46.79,9544932
2025-06-24,46.45,47.34,45.92,46.63,7407702
2025-06-25,46.95,47.58,45.94,46.76,13569126
2025-06-26,46.3,46.5,45.78,46.14,1708137
2025-06-27,46.25,47.06,46.25,46.66,11717690
2025-06-30,45.94,46.52,45.36,45.94,6985627
2025-07-01,47.22,47.25,46.69,46.97,11178732
2025-07-02,48.58,48.86,47.34,48.1,12817511
2025-07-03,46.34,47.09,46.25,46.67,7570691
2025-07-04,47.23,48.38,46.72,47.55,11974521
2025-07-07,46.16,47.39,45.61,46.5,10721699
2025-07-08,46.61,46.61,45.77,46.15,13533545
2025-07-09,45.73,46.64,45.66,46.15,2109463
2025-07-10,46.21,46.36,45.22,45.79,12924512
2025-07-11,45.25,46.06,44.96,45.51,2395471
2025-07-14,46.47,46.68,45.68,46.18,8048960
2025-07-15,47.07,47.66,46.52,47.09,4352756
2025-07-16,47.25,47.82,46.2,47.01,5537304
2025-07-17,47.29,47.38,46.66,47.02,14693470
2025-07-18,47.25,47.91,47.23,47.57,9468704
2025-07-21,46.36,47.25,46.11,46.68,9600353
2025-07-22,46.71,46.97,46.47,46.72,3065184
2025-07-23,47.0,47.05,46.05,46.55,6470650
2025-07-24,46.74,47.28,46.32,46.8,8955448
2025-07-25,46.12,46.12,45.59,45.83,5512040
2025-07-28,45.82,46.97,45.33,46.15,7315535
2025-07-29,46.11,47.32,45.48,46.4,8411084
2025-07-30,48.2,48.53,47.59,48.06,2472901
2025-07-31,47.09,47.76,46.16,46.96,13223831
2025-08-01,48.57,49.73,48.13,48.93,13226237
2025-08-04,50.63,51.19,50.09,50.64,2316470
2025-08-05,51.6,52.26,51.38,51.82,12370362
2025-08-06,51.23,51.99,50.75,51.37,14306426
2025-08-07,52.27,52.74,51.84,52.29,4993086
2025-08-08,51.07,51.11,50.25,50.68,9098246
2025-08-11,48.5,49.08,48.5,48.84,13385909
2025-08-12,48.73,48.73,48.06,48.35,4274302
2025-08-13,47.64,48.46,46.58,47.52,14742741
2025-08-14,46.11,46.43,45.27,45.85,5198772
2025-08-15,46.83,47.55,46.83,47.2,5981475
2025-08-18,46.44,47.11,46.11,46.61,14472443
2025-08-19,46.73,47.34,46.68,47.01,4253058
2025-08-20,49.58,50.2,48.62,49.41,3891512
2025-08-21,48.87,49.59,48.87,49.32,4783896
2025-08-22,48.58,48.99,47.41,48.2,13688160
2025-08-25,50.15,50.4,49.26,49.83,11198489
2025-08-26,50.13,50.13,49.41,49.71,8824644
2025-08-27,50.58,51.09,49.89,50.49,3892696
2025-08-28,47.97,48.39,47.67,48.03,9249827
2025-08-29,47.9,48.58,47.9,48.3,14192664
2025-09-03,47.88,48.76,47.76,48.26,3506229
2025-09-04,48.29,48.48,47.44,47.96,6167808
2025-09-05,48.61,49.59,48.03,48.81,7516872
2025-09-08,48.46,48.65,47.81,48.23,12121578
2025-09-09,48.21,48.57,47.43,48.0,5827582
2025-09-10,48.47,48.68,47.54,48.11,2129376
2025-09-11,48.44,49.45,48.29,48.87,7336321
2025-09-12,48.92,49.29,48.05,48.67,5630231
2025-09-15,48.12,49.36,47.74,48.55,4586578
2025-09-16,47.94,49.1,47.74,48.42,10153006
2025-09-17,48.61,49.04,47.52,48.28,11801314
2025-09-18,47.18,48.05,46.25,47.15,11528600
2025-09-19,47.94,48.63,46.99,47.81,14060194
2025-09-22,48.26,49.12,47.94,48.53,5076362
2025-09-23,47.35,47.62,46.64,47.13,9014390
2025-09-24,47.13,47.65,45.87,46.76,7675903
2025-09-25,48.34,48.41,47.37,47.89,7997886
2025-09-26,47.74,48.94,47.04,47.99,13521860
2025-09-29,47.87,48.16,47.3,47.73,14988159
2025-09-30,47.1,47.43,46.15,46.79,4858542
2025-10-01,47.83,48.5,47.22,47.86,6550895
2025-10-02,47.5,47.55,46.99,47.27,14686025
2025-10-03,47.46,48.56,47.18,47.87,10485568
2025-10-06,49.79,50.53,48.55,49.54,7214791
2025-10-07,50.07,50.64,48.68,49.66,11988892
2025-10-08,51.23,51.92,49.98,50.95,14689313
2025-10-09,51.03,52.23,50.55,51.39,2840767
2025-10-10,51.96,52.8,51.88,52.34,9121161
2025-10-13,51.73,52.9,51.34,52.12,1594894
2025-10-14,50.85,52.1,50.52,51.31,11237696
2025-10-15,51.37,51.37,50.59,50.9,4869097
2025-10-16,50.71,50.89,50.29,50.59,11255775
2025-10-17,51.18,51.81,49.89,50.85,5301416
2025-10-20,51.32,51.93,51.11,51.52,4760373
2025-10-21,50.3,50.89,49.31,50.1,9059265
2025-10-22,50.72,50.72,49.96,50.26,6222744
2025-10-23,50.86,51.43,49.69,50.56,5506587
2025-10-24,50.66,51.06,50.18,50.62,6329776
2025-10-27,50.1,50.62,48.76,49.69,11918539
2025-10-28,50.42,50.42,49.8,50.07,10353974
2025-10-29,50.31,51.07,49.77,50.42,9822448
2025-10-30,51.27,51.64,50.74,51.19,10288034
2025-10-31,50.92,51.77,50.23,51.0,2443765
2025-11-03,51.7,51.87,50.71,51.29,8750210
2025-11-04,51.7,52.12,51.54,51.83,9812853
2025-11-05,51.57,52.37,51.41,51.89,9302554
2025-11-06,50.61,51.36,49.94,50.65,2748710
2025-11-07,48.85,49.38,47.82,48.6,6777432
2025-11-10,48.04,48.16,47.66,47.91,14703208
2025-11-11,46.62,47.02,45.88,46.45,8619586
2025-11-12,46.53,47.08,46.28,46.68,14467611
2025-11-13,45.54,46.47,45.19,45.83,2172281
2025-11-14,45.31,45.57,45.05,45.31,2917870
2025-11-17,46.61,47.58,45.94,46.76,6684368
2025-11-18,46.48,46.92,45.98,46.45,14975598
2025-11-19,47.2,48.33,46.57,47.45,13616334
2025-11-20,47.72,48.15,46.85,47.5,8528186
2025-11-21,46.18,46.97,45.59,46.28,5308096
2025-11-24,46.24,46.84,45.68,46.26,6837690
2025-11-25,44.54,45.1,43.6,44.35,5376011
2025-11-26,44.1,44.89,44.1,44.54,14726180
2025-11-27,43.9,44.25,43.35,43.8,11592935
2025-11-28,43.95,44.15,43.45,43.8,3042537
2025-12-01,43.12,43.57,43.01,43.29,5824252
2025-12-02,44.2,44.57,43.89,44.23,9836651
2025-12-03,44.46,45.12,43.44,44.28,8557091
2025-12-04,44.11,44.62,43.46,44.04,5386192
2025-12-05,43.79,44.37,42.95,43.66,8095788
2025-12-08,44.15,44.2,43.48,43.84,4171680
2025-12-09,43.25,43.91,43.21,43.56,14951212
2025-12-10,42.05,42.12,41.4,41.76,1968706
2025-12-11,40.97,42.01,40.71,41.36,9926687
2025-12-12,41.02,41.75,41.01,41.38,5203551
2025-12-15,40.6,41.11,40.55,40.83,10777710
2025-12-16,40.97,41.74,40.3,41.02,7131202
2025-12-17,41.09,41.6,40.62,41.11,4670950
2025-12-18,39.63,40.28,38.72,39.5,11945162
2025-12-19,39.21,39.46,38.56,39.01,10725686
2025-12-22,39.59,40.65,39.25,39.95,2109625
2025-12-23,40.24,40.89,39.79,40.34,12335344
2025-12-24,40.61,41.12,40.5,40.81,7177414
2025-12-25,41.23,42.3,40.78,41.54,11975682
2025-12-26,41.58,42.19,40.55,41.37,8928541
2025-12-29,40.68,41.51,40.41,40.96,7427745
2025-12-30,41.6,42.14,41.06,41.6,3006709
2025-12-31,42.24,42.76,42.14,42.45,8540873
2026-01-05,43.21,43.72,43.08,43.4,6117538
2026-01-06,42.78,43.57,42.27,42.92,10917976
2026-01-07,43.25,43.76,43.12,43.44,7211871
2026-01-08,43.09,43.75,42.97,43.36,14626207
2026-01-09,43.5,44.57,43.27,43.92,4024125
2026-01-12,43.74,44.52,43.22,43.87,8376463
2026-01-13,43.52,44.61,43.11,43.86,10155821
2026-01-14,44.26,45.05,43.95,44.5,5850101
2026-01-15,44.68,44.68,44.01,44.25,3225506
2026-01-16,43.92,44.68,43.26,43.97,7819234
2026-01-19,45.19,45.44,44.2,44.82,9068625
2026-01-20,45.48,45.94,44.4,45.17,10266871
2026-01-21,44.7,45.03,43.73,44.38,2190866
2026-01-22,45.34,45.98,44.66,45.32,5088868
2026-01-23,46.33,47.3,45.74,46.52,12019806
2026-01-26,46.86,47.66,45.92,46.79,12349777
2026-01-27,46.21,46.94,46.12,46.53,9159075
2026-01-28,47.82,48.44,47.34,47.89,3221457
2026-01-29,48.85,50.18,48.3,49.24,5434432
2026-01-30,48.71,49.06,47.88,48.47,9977782
2026-02-02,47.82,48.55,47.82,48.26,9209219
2026-02-03,48.28,48.47,47.97,48.22,3958733
2026-02-04,49.34,50.05,49.27,49.66,11957401
2026-02-05,50.18,51.08,49.86,50.47,2350762
2026-02-06,50.23,50.79,49.61,50.2,9509595
2026-02-09,50.08,50.53,49.89,50.21,6154066
2026-02-10,50.51,50.62,49.62,50.12,6395217
2026-02-11,49.83,50.17,48.73,49.45,1564275
2026-02-12,50.08,50.73,49.13,49.93,13786335
2026-02-13,50.81,50.95,49.75,50.35,7779585
2026-02-23,51.17,51.2,50.6,50.9,1817948
2026-02-24,50.61,52.12,50.12,51.12,11012990
2026-02-25,50.14,50.47,49.81,50.14,3138528
2026-02-26,49.64,50.25,48.91,49.58,2421468
2026-02-27,49.86,50.01,49.29,49.65,10489372
2026-03-02,50.15,50.94,50.0,50.47,10626001
2026-03-03,50.49,51.4,50.08,50.74,14712667
2026-03-04,49.82,50.16,49.1,49.63,13430480
2026-03-05,48.22,48.76,46.92,47.84,9493479
2026-03-06,48.23,48.23,47.43,47.82,14690805
2026-03-09,48.59,48.59,47.94,48.19,13467358
2026-03-10,49.18,49.47,48.31,48.89,14321995
2026-03-11,50.42,50.94,49.96,50.45,3386644
2026-03-12,51.89,51.97,51.01,51.49,3923996
2026-03-13,52.13,53.07,51.07,52.07,11000720
2026-03-16,51.31,52.14,51.02,51.58,8011257
2026-03-17,52.96,53.45,52.43,52.94,2856718
2026-03-18,51.69,52.89,50.95,51.92,10063319
2026-03-19,52.7,53.74,52.18,52.96,14956289
2026-03-20,55.05,55.44,54.1,54.77,1925005
2026-03-23,55.73,56.64,55.7,56.17,6194689
2026-03-24,55.39,56.69,54.89,55.79,7080314
2026-03-25,53.86,54.59,53.73,54.16,2159107
2026-03-26,53.09,54.12,52.78,53.45,5661191
2026-03-27,53.22,54.06,52.96,53.51,7954645
2026-03-30,53.47,53.59,52.91,53.25,5437394
2026-03-31,53.09,54.18,52.82,53.5,1850824
2026-04-01,51.95,52.3,51.24,51.77,7568787
2026-04-02,52.69,53.35,51.71,52.53,11089456
2026-04-03,51.71,52.87,51.03,51.95,1598848
2026-04-06,51.68,52.27,51.67,51.97,2987748
2026-04-07,51.65,52.02,51.06,51.54,11845184
2026-04-08,52.33,52.63,51.87,52.25,13605890
2026-04-09,51.37,52.57,50.89,51.73,10180228
2026-04-10,49.9,50.76,49.54,50.15,8622929
2026-04-13,50.48,51.05,50.29,50.67,6345072
2026-04-14,48.83,49.72,48.74,49.23,7105661
2026-04-15,49.42,49.96,48.22,49.09,7180440
2026-04-16,50.15,50.33,49.81,50.07,9543510
2026-04-17,50.95,51.51,49.71,50.61,11960742
2026-04-20,50.4,51.55,49.75,50.65,9156917
2026-04-21,50.75,51.68,49.76,50.72,13502421
2026-04-22,49.35,50.71,48.85,49.78,13858706
2026-04-23,50.06,50.49,49.83,50.16,11650981
2026-04-24,50.51,50.93,50.31,50.62,4667366
2026-04-28,51.21,51.62,50.04,50.83,11861229
2026-04-29,51.21,51.53,50.19,50.86,13054239
2026-05-04,51.1,51.37,50.11,50.74,13543355
2026-05-05,51.87,51.87,51.22,51.48,2248804
2026-05-06,50.98,51.4,50.44,50.92,4798467
2026-05-07,50.0,50.61,48.81,49.71,8037091
2026-05-08,50.85,51.42,49.64,50.53,5946704
2026-05-11,49.44,49.64,49.06,49.35,12103433
2026-05-12,48.25,49.62,47.78,48.7,6955920
2026-05-13,49.05,49.84,48.34,49.09,4526400
2026-05-14,49.77,50.09,48.71,49.4,14251973
2026-05-15,49.16,50.25,48.29,49.27,4238336
2026-05-18,50.72,51.39,49.67,50.53,11672067
2026-05-19,51.15,51.97,50.89,51.43,12010341
2026-05-20,51.54,51.95,50.75,51.35,13276109
2026-05-21,51.12,51.37,50.33,50.85,7615292
2026-05-22,51.45,51.84,50.38,51.11,5531868
2026-05-25,50.99,52.19,50.39,51.29,7205233
2026-05-26,51.9,52.89,51.9,52.41,1659336
2026-05-27,52.39,52.65,51.83,52.24,8590182
2026-05-28,53.16,53.74,52.7,53.22,10622755
2026-05-29,51.71,52.91,51.01,51.96,13382243
2026-06-01,52.13,52.88,51.72,52.3,9176155
2026-06-02,51.43,52.18,51.12,51.65,13649008
2026-06-03,51.31,52.24,51.1,51.67,7336842
2026-06-04,51.49,51.96,51.0,51.48,10176001
2026-06-05,50.76,50.76,50.21,50.47,7816632
2026-06-08,49.46,50.47,49.17,49.82,7401925
2026-06-09,48.97,50.03,48.81,49.42,3881174
2026-06-10,50.65,51.52,50.44,50.98,5825214
2026-06-11,50.64,51.43,49.59,50.51,8918650
2026-06-12,48.54,49.66,47.94,48.8,14677210
2026-06-15,48.15,48.56,47.76,48.16,14510349
2026-06-16,46.34,47.12,46.18,46.65,6997862
2026-06-17,46.02,46.18,45.4,45.79,13924846
2026-06-18,43.48,44.57,43.01,43.79,14338517
2026-06-19,43.54,44.01,42.63,43.32,8923709
2026-06-22,43.4,44.08,43.16,43.62,7852813
2026-06-23,43.15,44.05,42.57,43.31,13513046
2026-06-24,42.65,43.35,42.65,43.04,8288197
2026-06-25,45.33,45.88,44.18,45.03,3362495
2026-06-26,44.2,44.88,44.2,44.56,12129909
2026-06-29,44.59,45.19,44.29,44.74,13989464
2026-06-30,45.23,45.5,44.18,44.84,4730187
2026-07-01,44.69,45.79,44.33,45.06,10478724
2026-07-02,44.16,45.09,44.07,44.58,2639324
2026-07-03,45.47,46.07,44.35,45.21,12310926
2026-07-06,46.42,46.44,45.94,46.19,1864903
2026-07-07,46.26,46.69,45.83,46.26,6794956
2026-07-08,47.7,47.7,46.9,47.24,2223410
2026-07-09,48.0,48.45,46.99,47.72,5252078
2026-07-10,47.48,48.41,47.35,47.88,6353772
2026-07-13,46.56,47.48,46.52,47.0,5064247
2026-07-14,47.08,47.8,46.02,46.91,1698634
2026-07-15,47.62,48.37,47.15,47.76,14794371
2026-07-16,47.62,48.35,46.53,47.44,1748020
2026-07-17,47.77,47.86,47.18,47.52,9623165
2026-07-20,46.25,47.02,46.22,46.62,6444510
2026-07-21,46.98,47.79,46.09,46.94,5437592
2026-07-22,47.05,47.65,47.05,47.35,7129231
2026-07-23,49.35,50.17,48.55,49.36,7858817
2026-07-24,49.33,50.03,49.13,49.58,10569474
2026-07-27,50.33,50.65,49.09,49.87,13643939
2026-07-28,49.86,50.44,49.06,49.75,6784723
2026-07-29,50.09,50.65,48.71,49.68,2071207
2026-07-30,49.33,49.95,48.91,49.43,5134272
2026-07-31,50.6,51.24,50.06,50.65,11988224
2026-08-03,50.23,51.14,49.26,50.2,4970774
2026-08-04,50.92,51.92,50.58,51.25,6239938
2026-08-05,51.65,51.86,50.52,51.19,7830146
2026-08-06,50.04,50.69,50.04,50.43,6883601
2026-08-07,49.76,50.32,49.56,49.94,13260481
2026-08-10,49.46,50.09,48.57,49.33,6808680
2026-08-11,49.36,49.68,48.06,48.87,5998040
2026-08-12,47.53,48.54,47.1,47.82,2829783
2026-08-13,46.92,48.12,46.28,47.2,2886240
2026-08-14,45.28,45.65,44.55,45.1,1505510
2026-08-17,45.17,45.7,44.7,45.2,8158186
2026-08-18,44.45,45.25,44.27,44.76,11121385
2026-08-19,44.18,45.25,43.95,44.6,9638274
2026-08-20,43.62,44.67,43.23,43.95,11796503
2026-08-21,45.2,45.44,44.64,45.04,10533757
2026-08-24,43.28,44.11,42.93,43.52,5200391
2026-08-25,43.85,44.81,43.73,44.27,7123675
2026-08-26,42.6,43.69,42.37,43.03,11475284
2026-08-27,42.46,42.96,41.98,42.47,4497225
2026-08-28,42.77,43.24,42.28,42.76,14713499
2026-09-03,44.39,44.9,43.64,44.27,14958961
2026-09-04,45.24,45.24,44.66,44.91,12177882
2026-09-07,42.78,43.07,42.59,42.83,8483751
2026-09-08,43.07,43.35,42.87,43.11,13384526
2026-09-09,42.78,42.78,42.27,42.5,12820390
